	Layer	Input(BS, Ni, Lr, Lc)	Filter(No, Ni, Fr, Fc)	Output(BS, No, Mr, Mc)	Sampling(Sr, Sc)	In_Mem	In_Move	Out_Mem	Out_Move	Band	Band_time	BLAS(M, N, K)	MACs	MAC_Unit	MAC_Cycle	Cx_Mem	Cx_Move	Time_serial	Time_parallel	Param #
1	Conv2d-1	[-1, 3, 299, 299]	[32, 3, 3, 3]	[-1, 32, 149, 149]	(2, 2)	268203	0	710432	0	504713626624	98.5768802	[32, 22201, 27]	6393888	1024	6.24403125e-06	8582496	1	98.57688644403126	98.5768802	tensor(864)
2	BatchNorm2d-2	[-1, 32, 149, 149]	[32, 32, 1, 1]	[-1, 32, 149, 149]		710432	0	710432	0	504713626624	98.5768802			32	0	0	0	98.5768802	98.5768802	tensor(64)
3	BasicConv2d-3	[-1, 3, 299, 299]	[32, 3, 3, 3]	[-1, 32, 149, 149]		268203	0	710432	0	504713626624	98.5768802	[32, 22201, 27]	6393888	1024	6.24403125e-06	8582496	1	98.57688644403126	98.5768802	0
4	Conv2d-4	[-1, 32, 149, 149]	[32, 32, 3, 3]	[-1, 32, 147, 147]	(1, 1)	710432	0	691488	0	478155654144	93.3897762	[32, 21609, 288]	6223392	1024	6.07753125e-06	22733824	1	93.38978227753125	93.3897762	tensor(9216)
5	BatchNorm2d-5	[-1, 32, 147, 147]	[32, 32, 1, 1]	[-1, 32, 147, 147]		691488	0	691488	0	478155654144	93.3897762			32	0	0	0	93.3897762	93.3897762	tensor(64)
6	BasicConv2d-6	[-1, 32, 149, 149]	[32, 32, 3, 3]	[-1, 32, 147, 147]		710432	0	691488	0	478155654144	93.3897762	[32, 21609, 288]	6223392	1024	6.07753125e-06	22733824	1	93.38978227753125	93.3897762	0
7	Conv2d-7	[-1, 32, 147, 147]	[64, 32, 3, 3]	[-1, 64, 147, 147]	(1, 1)	691488	0	1382976	0	1912622616576	373.5591048	[64, 21609, 288]	12446784	1024	1.21550625e-05	44255232	1	373.5591169550625	373.5591048	tensor(18432)
8	BatchNorm2d-8	[-1, 64, 147, 147]	[64, 64, 1, 1]	[-1, 64, 147, 147]		1382976	0	1382976	0	1912622616576	373.5591048			32	0	0	0	373.5591048	373.5591048	tensor(128)
9	BasicConv2d-9	[-1, 32, 147, 147]	[64, 32, 3, 3]	[-1, 64, 147, 147]		691488	0	1382976	0	1912622616576	373.5591048	[64, 21609, 288]	12446784	1024	1.21550625e-05	44255232	1	373.5591169550625	373.5591048	0
10	Conv2d-10	[-1, 64, 73, 73]	[80, 64, 1, 1]	[-1, 80, 73, 73]	(1, 1)	341056	0	426320	0	181748742400	35.49780125	[80, 5329, 64]	426320	1024	4.16328125e-07	27284480	1	35.49780166632813	35.49780125	tensor(5120)
11	BatchNorm2d-11	[-1, 80, 73, 73]	[80, 80, 1, 1]	[-1, 80, 73, 73]		426320	0	426320	0	181748742400	35.49780125			32	0	0	0	35.49780125	35.49780125	tensor(160)
12	BasicConv2d-12	[-1, 64, 73, 73]	[80, 64, 1, 1]	[-1, 80, 73, 73]		341056	0	426320	0	181748742400	35.49780125	[80, 5329, 64]	426320	1024	4.16328125e-07	27284480	1	35.49780166632813	35.49780125	0
13	Conv2d-13	[-1, 80, 73, 73]	[192, 80, 3, 3]	[-1, 192, 71, 71]	(1, 1)	426320	0	967872	0	936776208384	182.9641032	[192, 5041, 720]	8710848	1024	8.5066875e-06	81853440	1	182.9641117066875	182.9641032	tensor(138240)
14	BatchNorm2d-14	[-1, 192, 71, 71]	[192, 192, 1, 1]	[-1, 192, 71, 71]		967872	0	967872	0	936776208384	182.9641032			32	0	0	0	182.9641032	182.9641032	tensor(384)
15	BasicConv2d-15	[-1, 80, 73, 73]	[192, 80, 3, 3]	[-1, 192, 71, 71]		426320	0	967872	0	936776208384	182.9641032	[192, 5041, 720]	8710848	1024	8.5066875e-06	81853440	1	182.9641117066875	182.9641032	0
16	Conv2d-16	[-1, 192, 35, 35]	[64, 192, 1, 1]	[-1, 64, 35, 35]	(1, 1)	235200	0	78400	0	6146560000	1.2005	[64, 1225, 192]	78400	1024	7.65625e-08	15052800	1	1.2005000765624998	1.2005	tensor(12288)
17	BatchNorm2d-17	[-1, 64, 35, 35]	[64, 64, 1, 1]	[-1, 64, 35, 35]		78400	0	78400	0	6146560000	1.2005			32	0	0	0	1.2005	1.2005	tensor(128)
18	BasicConv2d-18	[-1, 192, 35, 35]	[64, 192, 1, 1]	[-1, 64, 35, 35]		235200	0	78400	0	6146560000	1.2005	[64, 1225, 192]	78400	1024	7.65625e-08	15052800	1	1.2005000765624998	1.2005	0
19	Conv2d-19	[-1, 192, 35, 35]	[48, 192, 1, 1]	[-1, 48, 35, 35]	(1, 1)	235200	0	58800	0	3457440000	0.67528125	[48, 1225, 192]	58800	1024	5.7421875e-08	11289600	1	0.6752813074218751	0.67528125	tensor(9216)
20	BatchNorm2d-20	[-1, 48, 35, 35]	[48, 48, 1, 1]	[-1, 48, 35, 35]		58800	0	58800	0	3457440000	0.67528125			32	0	0	0	0.67528125	0.67528125	tensor(96)
21	BasicConv2d-21	[-1, 192, 35, 35]	[48, 192, 1, 1]	[-1, 48, 35, 35]		235200	0	58800	0	3457440000	0.67528125	[48, 1225, 192]	58800	1024	5.7421875e-08	11289600	1	0.6752813074218751	0.67528125	0
22	Conv2d-22	[-1, 48, 35, 35]	[64, 48, 5, 5]	[-1, 64, 35, 35]	(1, 1)	58800	0	78400	0	6146560000	1.2005	[64, 1225, 1200]	1960000	1024	1.9140625e-06	3763200	1	1.2005019140625	1.2005	tensor(76800)
23	BatchNorm2d-23	[-1, 64, 35, 35]	[64, 64, 1, 1]	[-1, 64, 35, 35]		78400	0	78400	0	6146560000	1.2005			32	0	0	0	1.2005	1.2005	tensor(128)
24	BasicConv2d-24	[-1, 48, 35, 35]	[64, 48, 5, 5]	[-1, 64, 35, 35]		58800	0	78400	0	6146560000	1.2005	[64, 1225, 1200]	1960000	1024	1.9140625e-06	3763200	1	1.2005019140625	1.2005	0
25	Conv2d-25	[-1, 192, 35, 35]	[64, 192, 1, 1]	[-1, 64, 35, 35]	(1, 1)	235200	0	78400	0	6146560000	1.2005	[64, 1225, 192]	78400	1024	7.65625e-08	15052800	1	1.2005000765624998	1.2005	tensor(12288)
26	BatchNorm2d-26	[-1, 64, 35, 35]	[64, 64, 1, 1]	[-1, 64, 35, 35]		78400	0	78400	0	6146560000	1.2005			32	0	0	0	1.2005	1.2005	tensor(128)
27	BasicConv2d-27	[-1, 192, 35, 35]	[64, 192, 1, 1]	[-1, 64, 35, 35]		235200	0	78400	0	6146560000	1.2005	[64, 1225, 192]	78400	1024	7.65625e-08	15052800	1	1.2005000765624998	1.2005	0
28	Conv2d-28	[-1, 64, 35, 35]	[96, 64, 3, 3]	[-1, 96, 35, 35]	(1, 1)	78400	0	117600	0	13829760000	2.701125	[96, 1225, 576]	1058400	1024	1.03359375e-06	7526400	1	2.7011260335937504	2.701125	tensor(55296)
29	BatchNorm2d-29	[-1, 96, 35, 35]	[96, 96, 1, 1]	[-1, 96, 35, 35]		117600	0	117600	0	13829760000	2.701125			32	0	0	0	2.701125	2.701125	tensor(192)
30	BasicConv2d-30	[-1, 64, 35, 35]	[96, 64, 3, 3]	[-1, 96, 35, 35]		78400	0	117600	0	13829760000	2.701125	[96, 1225, 576]	1058400	1024	1.03359375e-06	7526400	1	2.7011260335937504	2.701125	0
31	Conv2d-31	[-1, 96, 35, 35]	[96, 96, 3, 3]	[-1, 96, 35, 35]	(1, 1)	117600	0	117600	0	13829760000	2.701125	[96, 1225, 864]	1058400	1024	1.03359375e-06	11289600	1	2.7011260335937504	2.701125	tensor(82944)
32	BatchNorm2d-32	[-1, 96, 35, 35]	[96, 96, 1, 1]	[-1, 96, 35, 35]		117600	0	117600	0	13829760000	2.701125			32	0	0	0	2.701125	2.701125	tensor(192)
33	BasicConv2d-33	[-1, 96, 35, 35]	[96, 96, 3, 3]	[-1, 96, 35, 35]		117600	0	117600	0	13829760000	2.701125	[96, 1225, 864]	1058400	1024	1.03359375e-06	11289600	1	2.7011260335937504	2.701125	0
34	Conv2d-34	[-1, 192, 35, 35]	[32, 192, 1, 1]	[-1, 32, 35, 35]	(1, 1)	235200	0	39200	0	1536640000	0.300125	[32, 1225, 192]	39200	1024	3.828125e-08	7526400	1	0.30012503828125	0.300125	tensor(6144)
35	BatchNorm2d-35	[-1, 32, 35, 35]	[32, 32, 1, 1]	[-1, 32, 35, 35]		39200	0	39200	0	1536640000	0.300125			32	0	0	0	0.300125	0.300125	tensor(64)
36	BasicConv2d-36	[-1, 192, 35, 35]	[32, 192, 1, 1]	[-1, 32, 35, 35]		235200	0	39200	0	1536640000	0.300125	[32, 1225, 192]	39200	1024	3.828125e-08	7526400	1	0.30012503828125	0.300125	0
37	InceptionA-37	[-1, 192, 35, 35]	[256, 192, 1, 1]	[-1, 256, 35, 35]		235200	0	313600	0	98344960000	19.208			32	0	0	0	19.208	19.208	0
38	Conv2d-38	[-1, 256, 35, 35]	[64, 256, 1, 1]	[-1, 64, 35, 35]	(1, 1)	313600	0	78400	0	6146560000	1.2005	[64, 1225, 256]	78400	1024	7.65625e-08	20070400	1	1.2005000765624998	1.2005	tensor(16384)
39	BatchNorm2d-39	[-1, 64, 35, 35]	[64, 64, 1, 1]	[-1, 64, 35, 35]		78400	0	78400	0	6146560000	1.2005			32	0	0	0	1.2005	1.2005	tensor(128)
40	BasicConv2d-40	[-1, 256, 35, 35]	[64, 256, 1, 1]	[-1, 64, 35, 35]		313600	0	78400	0	6146560000	1.2005	[64, 1225, 256]	78400	1024	7.65625e-08	20070400	1	1.2005000765624998	1.2005	0
41	Conv2d-41	[-1, 256, 35, 35]	[48, 256, 1, 1]	[-1, 48, 35, 35]	(1, 1)	313600	0	58800	0	3457440000	0.67528125	[48, 1225, 256]	58800	1024	5.7421875e-08	15052800	1	0.6752813074218751	0.67528125	tensor(12288)
42	BatchNorm2d-42	[-1, 48, 35, 35]	[48, 48, 1, 1]	[-1, 48, 35, 35]		58800	0	58800	0	3457440000	0.67528125			32	0	0	0	0.67528125	0.67528125	tensor(96)
43	BasicConv2d-43	[-1, 256, 35, 35]	[48, 256, 1, 1]	[-1, 48, 35, 35]		313600	0	58800	0	3457440000	0.67528125	[48, 1225, 256]	58800	1024	5.7421875e-08	15052800	1	0.6752813074218751	0.67528125	0
44	Conv2d-44	[-1, 48, 35, 35]	[64, 48, 5, 5]	[-1, 64, 35, 35]	(1, 1)	58800	0	78400	0	6146560000	1.2005	[64, 1225, 1200]	1960000	1024	1.9140625e-06	3763200	1	1.2005019140625	1.2005	tensor(76800)
45	BatchNorm2d-45	[-1, 64, 35, 35]	[64, 64, 1, 1]	[-1, 64, 35, 35]		78400	0	78400	0	6146560000	1.2005			32	0	0	0	1.2005	1.2005	tensor(128)
46	BasicConv2d-46	[-1, 48, 35, 35]	[64, 48, 5, 5]	[-1, 64, 35, 35]		58800	0	78400	0	6146560000	1.2005	[64, 1225, 1200]	1960000	1024	1.9140625e-06	3763200	1	1.2005019140625	1.2005	0
47	Conv2d-47	[-1, 256, 35, 35]	[64, 256, 1, 1]	[-1, 64, 35, 35]	(1, 1)	313600	0	78400	0	6146560000	1.2005	[64, 1225, 256]	78400	1024	7.65625e-08	20070400	1	1.2005000765624998	1.2005	tensor(16384)
48	BatchNorm2d-48	[-1, 64, 35, 35]	[64, 64, 1, 1]	[-1, 64, 35, 35]		78400	0	78400	0	6146560000	1.2005			32	0	0	0	1.2005	1.2005	tensor(128)
49	BasicConv2d-49	[-1, 256, 35, 35]	[64, 256, 1, 1]	[-1, 64, 35, 35]		313600	0	78400	0	6146560000	1.2005	[64, 1225, 256]	78400	1024	7.65625e-08	20070400	1	1.2005000765624998	1.2005	0
50	Conv2d-50	[-1, 64, 35, 35]	[96, 64, 3, 3]	[-1, 96, 35, 35]	(1, 1)	78400	0	117600	0	13829760000	2.701125	[96, 1225, 576]	1058400	1024	1.03359375e-06	7526400	1	2.7011260335937504	2.701125	tensor(55296)
51	BatchNorm2d-51	[-1, 96, 35, 35]	[96, 96, 1, 1]	[-1, 96, 35, 35]		117600	0	117600	0	13829760000	2.701125			32	0	0	0	2.701125	2.701125	tensor(192)
52	BasicConv2d-52	[-1, 64, 35, 35]	[96, 64, 3, 3]	[-1, 96, 35, 35]		78400	0	117600	0	13829760000	2.701125	[96, 1225, 576]	1058400	1024	1.03359375e-06	7526400	1	2.7011260335937504	2.701125	0
53	Conv2d-53	[-1, 96, 35, 35]	[96, 96, 3, 3]	[-1, 96, 35, 35]	(1, 1)	117600	0	117600	0	13829760000	2.701125	[96, 1225, 864]	1058400	1024	1.03359375e-06	11289600	1	2.7011260335937504	2.701125	tensor(82944)
54	BatchNorm2d-54	[-1, 96, 35, 35]	[96, 96, 1, 1]	[-1, 96, 35, 35]		117600	0	117600	0	13829760000	2.701125			32	0	0	0	2.701125	2.701125	tensor(192)
55	BasicConv2d-55	[-1, 96, 35, 35]	[96, 96, 3, 3]	[-1, 96, 35, 35]		117600	0	117600	0	13829760000	2.701125	[96, 1225, 864]	1058400	1024	1.03359375e-06	11289600	1	2.7011260335937504	2.701125	0
56	Conv2d-56	[-1, 256, 35, 35]	[64, 256, 1, 1]	[-1, 64, 35, 35]	(1, 1)	313600	0	78400	0	6146560000	1.2005	[64, 1225, 256]	78400	1024	7.65625e-08	20070400	1	1.2005000765624998	1.2005	tensor(16384)
57	BatchNorm2d-57	[-1, 64, 35, 35]	[64, 64, 1, 1]	[-1, 64, 35, 35]		78400	0	78400	0	6146560000	1.2005			32	0	0	0	1.2005	1.2005	tensor(128)
58	BasicConv2d-58	[-1, 256, 35, 35]	[64, 256, 1, 1]	[-1, 64, 35, 35]		313600	0	78400	0	6146560000	1.2005	[64, 1225, 256]	78400	1024	7.65625e-08	20070400	1	1.2005000765624998	1.2005	0
59	InceptionA-59	[-1, 256, 35, 35]	[288, 256, 1, 1]	[-1, 288, 35, 35]		313600	0	352800	0	124467840000	24.310125			32	0	0	0	24.310125	24.310125	0
60	Conv2d-60	[-1, 288, 35, 35]	[64, 288, 1, 1]	[-1, 64, 35, 35]	(1, 1)	352800	0	78400	0	6146560000	1.2005	[64, 1225, 288]	78400	1024	7.65625e-08	22579200	1	1.2005000765624998	1.2005	tensor(18432)
61	BatchNorm2d-61	[-1, 64, 35, 35]	[64, 64, 1, 1]	[-1, 64, 35, 35]		78400	0	78400	0	6146560000	1.2005			32	0	0	0	1.2005	1.2005	tensor(128)
62	BasicConv2d-62	[-1, 288, 35, 35]	[64, 288, 1, 1]	[-1, 64, 35, 35]		352800	0	78400	0	6146560000	1.2005	[64, 1225, 288]	78400	1024	7.65625e-08	22579200	1	1.2005000765624998	1.2005	0
63	Conv2d-63	[-1, 288, 35, 35]	[48, 288, 1, 1]	[-1, 48, 35, 35]	(1, 1)	352800	0	58800	0	3457440000	0.67528125	[48, 1225, 288]	58800	1024	5.7421875e-08	16934400	1	0.6752813074218751	0.67528125	tensor(13824)
64	BatchNorm2d-64	[-1, 48, 35, 35]	[48, 48, 1, 1]	[-1, 48, 35, 35]		58800	0	58800	0	3457440000	0.67528125			32	0	0	0	0.67528125	0.67528125	tensor(96)
65	BasicConv2d-65	[-1, 288, 35, 35]	[48, 288, 1, 1]	[-1, 48, 35, 35]		352800	0	58800	0	3457440000	0.67528125	[48, 1225, 288]	58800	1024	5.7421875e-08	16934400	1	0.6752813074218751	0.67528125	0
66	Conv2d-66	[-1, 48, 35, 35]	[64, 48, 5, 5]	[-1, 64, 35, 35]	(1, 1)	58800	0	78400	0	6146560000	1.2005	[64, 1225, 1200]	1960000	1024	1.9140625e-06	3763200	1	1.2005019140625	1.2005	tensor(76800)
67	BatchNorm2d-67	[-1, 64, 35, 35]	[64, 64, 1, 1]	[-1, 64, 35, 35]		78400	0	78400	0	6146560000	1.2005			32	0	0	0	1.2005	1.2005	tensor(128)
68	BasicConv2d-68	[-1, 48, 35, 35]	[64, 48, 5, 5]	[-1, 64, 35, 35]		58800	0	78400	0	6146560000	1.2005	[64, 1225, 1200]	1960000	1024	1.9140625e-06	3763200	1	1.2005019140625	1.2005	0
69	Conv2d-69	[-1, 288, 35, 35]	[64, 288, 1, 1]	[-1, 64, 35, 35]	(1, 1)	352800	0	78400	0	6146560000	1.2005	[64, 1225, 288]	78400	1024	7.65625e-08	22579200	1	1.2005000765624998	1.2005	tensor(18432)
70	BatchNorm2d-70	[-1, 64, 35, 35]	[64, 64, 1, 1]	[-1, 64, 35, 35]		78400	0	78400	0	6146560000	1.2005			32	0	0	0	1.2005	1.2005	tensor(128)
71	BasicConv2d-71	[-1, 288, 35, 35]	[64, 288, 1, 1]	[-1, 64, 35, 35]		352800	0	78400	0	6146560000	1.2005	[64, 1225, 288]	78400	1024	7.65625e-08	22579200	1	1.2005000765624998	1.2005	0
72	Conv2d-72	[-1, 64, 35, 35]	[96, 64, 3, 3]	[-1, 96, 35, 35]	(1, 1)	78400	0	117600	0	13829760000	2.701125	[96, 1225, 576]	1058400	1024	1.03359375e-06	7526400	1	2.7011260335937504	2.701125	tensor(55296)
73	BatchNorm2d-73	[-1, 96, 35, 35]	[96, 96, 1, 1]	[-1, 96, 35, 35]		117600	0	117600	0	13829760000	2.701125			32	0	0	0	2.701125	2.701125	tensor(192)
74	BasicConv2d-74	[-1, 64, 35, 35]	[96, 64, 3, 3]	[-1, 96, 35, 35]		78400	0	117600	0	13829760000	2.701125	[96, 1225, 576]	1058400	1024	1.03359375e-06	7526400	1	2.7011260335937504	2.701125	0
75	Conv2d-75	[-1, 96, 35, 35]	[96, 96, 3, 3]	[-1, 96, 35, 35]	(1, 1)	117600	0	117600	0	13829760000	2.701125	[96, 1225, 864]	1058400	1024	1.03359375e-06	11289600	1	2.7011260335937504	2.701125	tensor(82944)
76	BatchNorm2d-76	[-1, 96, 35, 35]	[96, 96, 1, 1]	[-1, 96, 35, 35]		117600	0	117600	0	13829760000	2.701125			32	0	0	0	2.701125	2.701125	tensor(192)
77	BasicConv2d-77	[-1, 96, 35, 35]	[96, 96, 3, 3]	[-1, 96, 35, 35]		117600	0	117600	0	13829760000	2.701125	[96, 1225, 864]	1058400	1024	1.03359375e-06	11289600	1	2.7011260335937504	2.701125	0
78	Conv2d-78	[-1, 288, 35, 35]	[64, 288, 1, 1]	[-1, 64, 35, 35]	(1, 1)	352800	0	78400	0	6146560000	1.2005	[64, 1225, 288]	78400	1024	7.65625e-08	22579200	1	1.2005000765624998	1.2005	tensor(18432)
79	BatchNorm2d-79	[-1, 64, 35, 35]	[64, 64, 1, 1]	[-1, 64, 35, 35]		78400	0	78400	0	6146560000	1.2005			32	0	0	0	1.2005	1.2005	tensor(128)
80	BasicConv2d-80	[-1, 288, 35, 35]	[64, 288, 1, 1]	[-1, 64, 35, 35]		352800	0	78400	0	6146560000	1.2005	[64, 1225, 288]	78400	1024	7.65625e-08	22579200	1	1.2005000765624998	1.2005	0
81	InceptionA-81	[-1, 288, 35, 35]	[288, 288, 1, 1]	[-1, 288, 35, 35]		352800	0	352800	0	124467840000	24.310125			32	0	0	0	24.310125	24.310125	0
82	Conv2d-82	[-1, 288, 35, 35]	[384, 288, 3, 3]	[-1, 384, 17, 17]	(2, 2)	352800	0	110976	0	12315672576	2.4054048	[384, 289, 2592]	998784	1024	9.75375e-07	135475200	1	2.4054057753749998	2.4054048	tensor(995328)
83	BatchNorm2d-83	[-1, 384, 17, 17]	[384, 384, 1, 1]	[-1, 384, 17, 17]		110976	0	110976	0	12315672576	2.4054048			32	0	0	0	2.4054048	2.4054048	tensor(768)
84	BasicConv2d-84	[-1, 288, 35, 35]	[384, 288, 3, 3]	[-1, 384, 17, 17]		352800	0	110976	0	12315672576	2.4054048	[384, 289, 2592]	998784	1024	9.75375e-07	135475200	1	2.4054057753749998	2.4054048	0
85	Conv2d-85	[-1, 288, 35, 35]	[64, 288, 1, 1]	[-1, 64, 35, 35]	(1, 1)	352800	0	78400	0	6146560000	1.2005	[64, 1225, 288]	78400	1024	7.65625e-08	22579200	1	1.2005000765624998	1.2005	tensor(18432)
86	BatchNorm2d-86	[-1, 64, 35, 35]	[64, 64, 1, 1]	[-1, 64, 35, 35]		78400	0	78400	0	6146560000	1.2005			32	0	0	0	1.2005	1.2005	tensor(128)
87	BasicConv2d-87	[-1, 288, 35, 35]	[64, 288, 1, 1]	[-1, 64, 35, 35]		352800	0	78400	0	6146560000	1.2005	[64, 1225, 288]	78400	1024	7.65625e-08	22579200	1	1.2005000765624998	1.2005	0
88	Conv2d-88	[-1, 64, 35, 35]	[96, 64, 3, 3]	[-1, 96, 35, 35]	(1, 1)	78400	0	117600	0	13829760000	2.701125	[96, 1225, 576]	1058400	1024	1.03359375e-06	7526400	1	2.7011260335937504	2.701125	tensor(55296)
89	BatchNorm2d-89	[-1, 96, 35, 35]	[96, 96, 1, 1]	[-1, 96, 35, 35]		117600	0	117600	0	13829760000	2.701125			32	0	0	0	2.701125	2.701125	tensor(192)
90	BasicConv2d-90	[-1, 64, 35, 35]	[96, 64, 3, 3]	[-1, 96, 35, 35]		78400	0	117600	0	13829760000	2.701125	[96, 1225, 576]	1058400	1024	1.03359375e-06	7526400	1	2.7011260335937504	2.701125	0
91	Conv2d-91	[-1, 96, 35, 35]	[96, 96, 3, 3]	[-1, 96, 17, 17]	(2, 2)	117600	0	27744	0	769729536	0.1503378	[96, 289, 864]	249696	1024	2.4384375e-07	11289600	1	0.15033804384375	0.1503378	tensor(82944)
92	BatchNorm2d-92	[-1, 96, 17, 17]	[96, 96, 1, 1]	[-1, 96, 17, 17]		27744	0	27744	0	769729536	0.1503378			32	0	0	0	0.1503378	0.1503378	tensor(192)
93	BasicConv2d-93	[-1, 96, 35, 35]	[96, 96, 3, 3]	[-1, 96, 17, 17]		117600	0	27744	0	769729536	0.1503378	[96, 289, 864]	249696	1024	2.4384375e-07	11289600	1	0.15033804384375	0.1503378	0
94	InceptionB-94	[-1, 288, 35, 35]	[768, 288, 1, 1]	[-1, 768, 17, 17]		352800	0	221952	0	49262690304	9.6216192			32	0	0	0	9.6216192	9.6216192	0
95	Conv2d-95	[-1, 768, 17, 17]	[192, 768, 1, 1]	[-1, 192, 17, 17]	(1, 1)	221952	0	55488	0	3078918144	0.6013512	[192, 289, 768]	55488	1024	5.41875e-08	42614784	1	0.6013512541875	0.6013512	tensor(147456)
96	BatchNorm2d-96	[-1, 192, 17, 17]	[192, 192, 1, 1]	[-1, 192, 17, 17]		55488	0	55488	0	3078918144	0.6013512			32	0	0	0	0.6013512	0.6013512	tensor(384)
97	BasicConv2d-97	[-1, 768, 17, 17]	[192, 768, 1, 1]	[-1, 192, 17, 17]		221952	0	55488	0	3078918144	0.6013512	[192, 289, 768]	55488	1024	5.41875e-08	42614784	1	0.6013512541875	0.6013512	0
98	Conv2d-98	[-1, 768, 17, 17]	[128, 768, 1, 1]	[-1, 128, 17, 17]	(1, 1)	221952	0	36992	0	1368408064	0.2672672	[128, 289, 768]	36992	1024	3.6125e-08	28409856	1	0.267267236125	0.2672672	tensor(98304)
99	BatchNorm2d-99	[-1, 128, 17, 17]	[128, 128, 1, 1]	[-1, 128, 17, 17]		36992	0	36992	0	1368408064	0.2672672			32	0	0	0	0.2672672	0.2672672	tensor(256)
100	BasicConv2d-100	[-1, 768, 17, 17]	[128, 768, 1, 1]	[-1, 128, 17, 17]		221952	0	36992	0	1368408064	0.2672672	[128, 289, 768]	36992	1024	3.6125e-08	28409856	1	0.267267236125	0.2672672	0
101	Conv2d-101	[-1, 128, 17, 17]	[128, 128, 1, 7]	[-1, 128, 17, 17]	(1, 1)	36992	0	36992	0	1368408064	0.2672672	[128, 289, 896]	258944	1024	2.52875e-07	4734976	1	0.267267452875	0.2672672	tensor(114688)
102	BatchNorm2d-102	[-1, 128, 17, 17]	[128, 128, 1, 1]	[-1, 128, 17, 17]		36992	0	36992	0	1368408064	0.2672672			32	0	0	0	0.2672672	0.2672672	tensor(256)
103	BasicConv2d-103	[-1, 128, 17, 17]	[128, 128, 1, 7]	[-1, 128, 17, 17]		36992	0	36992	0	1368408064	0.2672672	[128, 289, 896]	258944	1024	2.52875e-07	4734976	1	0.267267452875	0.2672672	0
104	Conv2d-104	[-1, 128, 17, 17]	[192, 128, 7, 1]	[-1, 192, 17, 17]	(1, 1)	36992	0	55488	0	3078918144	0.6013512	[192, 289, 896]	388416	1024	3.793125e-07	7102464	1	0.6013515793124999	0.6013512	tensor(172032)
105	BatchNorm2d-105	[-1, 192, 17, 17]	[192, 192, 1, 1]	[-1, 192, 17, 17]		55488	0	55488	0	3078918144	0.6013512			32	0	0	0	0.6013512	0.6013512	tensor(384)
106	BasicConv2d-106	[-1, 128, 17, 17]	[192, 128, 7, 1]	[-1, 192, 17, 17]		36992	0	55488	0	3078918144	0.6013512	[192, 289, 896]	388416	1024	3.793125e-07	7102464	1	0.6013515793124999	0.6013512	0
107	Conv2d-107	[-1, 768, 17, 17]	[128, 768, 1, 1]	[-1, 128, 17, 17]	(1, 1)	221952	0	36992	0	1368408064	0.2672672	[128, 289, 768]	36992	1024	3.6125e-08	28409856	1	0.267267236125	0.2672672	tensor(98304)
108	BatchNorm2d-108	[-1, 128, 17, 17]	[128, 128, 1, 1]	[-1, 128, 17, 17]		36992	0	36992	0	1368408064	0.2672672			32	0	0	0	0.2672672	0.2672672	tensor(256)
109	BasicConv2d-109	[-1, 768, 17, 17]	[128, 768, 1, 1]	[-1, 128, 17, 17]		221952	0	36992	0	1368408064	0.2672672	[128, 289, 768]	36992	1024	3.6125e-08	28409856	1	0.267267236125	0.2672672	0
110	Conv2d-110	[-1, 128, 17, 17]	[128, 128, 7, 1]	[-1, 128, 17, 17]	(1, 1)	36992	0	36992	0	1368408064	0.2672672	[128, 289, 896]	258944	1024	2.52875e-07	4734976	1	0.267267452875	0.2672672	tensor(114688)
111	BatchNorm2d-111	[-1, 128, 17, 17]	[128, 128, 1, 1]	[-1, 128, 17, 17]		36992	0	36992	0	1368408064	0.2672672			32	0	0	0	0.2672672	0.2672672	tensor(256)
112	BasicConv2d-112	[-1, 128, 17, 17]	[128, 128, 7, 1]	[-1, 128, 17, 17]		36992	0	36992	0	1368408064	0.2672672	[128, 289, 896]	258944	1024	2.52875e-07	4734976	1	0.267267452875	0.2672672	0
113	Conv2d-113	[-1, 128, 17, 17]	[128, 128, 1, 7]	[-1, 128, 17, 17]	(1, 1)	36992	0	36992	0	1368408064	0.2672672	[128, 289, 896]	258944	1024	2.52875e-07	4734976	1	0.267267452875	0.2672672	tensor(114688)
114	BatchNorm2d-114	[-1, 128, 17, 17]	[128, 128, 1, 1]	[-1, 128, 17, 17]		36992	0	36992	0	1368408064	0.2672672			32	0	0	0	0.2672672	0.2672672	tensor(256)
115	BasicConv2d-115	[-1, 128, 17, 17]	[128, 128, 1, 7]	[-1, 128, 17, 17]		36992	0	36992	0	1368408064	0.2672672	[128, 289, 896]	258944	1024	2.52875e-07	4734976	1	0.267267452875	0.2672672	0
116	Conv2d-116	[-1, 128, 17, 17]	[128, 128, 7, 1]	[-1, 128, 17, 17]	(1, 1)	36992	0	36992	0	1368408064	0.2672672	[128, 289, 896]	258944	1024	2.52875e-07	4734976	1	0.267267452875	0.2672672	tensor(114688)
117	BatchNorm2d-117	[-1, 128, 17, 17]	[128, 128, 1, 1]	[-1, 128, 17, 17]		36992	0	36992	0	1368408064	0.2672672			32	0	0	0	0.2672672	0.2672672	tensor(256)
118	BasicConv2d-118	[-1, 128, 17, 17]	[128, 128, 7, 1]	[-1, 128, 17, 17]		36992	0	36992	0	1368408064	0.2672672	[128, 289, 896]	258944	1024	2.52875e-07	4734976	1	0.267267452875	0.2672672	0
119	Conv2d-119	[-1, 128, 17, 17]	[192, 128, 1, 7]	[-1, 192, 17, 17]	(1, 1)	36992	0	55488	0	3078918144	0.6013512	[192, 289, 896]	388416	1024	3.793125e-07	7102464	1	0.6013515793124999	0.6013512	tensor(172032)
120	BatchNorm2d-120	[-1, 192, 17, 17]	[192, 192, 1, 1]	[-1, 192, 17, 17]		55488	0	55488	0	3078918144	0.6013512			32	0	0	0	0.6013512	0.6013512	tensor(384)
121	BasicConv2d-121	[-1, 128, 17, 17]	[192, 128, 1, 7]	[-1, 192, 17, 17]		36992	0	55488	0	3078918144	0.6013512	[192, 289, 896]	388416	1024	3.793125e-07	7102464	1	0.6013515793124999	0.6013512	0
122	Conv2d-122	[-1, 768, 17, 17]	[192, 768, 1, 1]	[-1, 192, 17, 17]	(1, 1)	221952	0	55488	0	3078918144	0.6013512	[192, 289, 768]	55488	1024	5.41875e-08	42614784	1	0.6013512541875	0.6013512	tensor(147456)
123	BatchNorm2d-123	[-1, 192, 17, 17]	[192, 192, 1, 1]	[-1, 192, 17, 17]		55488	0	55488	0	3078918144	0.6013512			32	0	0	0	0.6013512	0.6013512	tensor(384)
124	BasicConv2d-124	[-1, 768, 17, 17]	[192, 768, 1, 1]	[-1, 192, 17, 17]		221952	0	55488	0	3078918144	0.6013512	[192, 289, 768]	55488	1024	5.41875e-08	42614784	1	0.6013512541875	0.6013512	0
125	InceptionC-125	[-1, 768, 17, 17]	[768, 768, 1, 1]	[-1, 768, 17, 17]		221952	0	221952	0	49262690304	9.6216192			32	0	0	0	9.6216192	9.6216192	0
126	Conv2d-126	[-1, 768, 17, 17]	[192, 768, 1, 1]	[-1, 192, 17, 17]	(1, 1)	221952	0	55488	0	3078918144	0.6013512	[192, 289, 768]	55488	1024	5.41875e-08	42614784	1	0.6013512541875	0.6013512	tensor(147456)
127	BatchNorm2d-127	[-1, 192, 17, 17]	[192, 192, 1, 1]	[-1, 192, 17, 17]		55488	0	55488	0	3078918144	0.6013512			32	0	0	0	0.6013512	0.6013512	tensor(384)
128	BasicConv2d-128	[-1, 768, 17, 17]	[192, 768, 1, 1]	[-1, 192, 17, 17]		221952	0	55488	0	3078918144	0.6013512	[192, 289, 768]	55488	1024	5.41875e-08	42614784	1	0.6013512541875	0.6013512	0
129	Conv2d-129	[-1, 768, 17, 17]	[160, 768, 1, 1]	[-1, 160, 17, 17]	(1, 1)	221952	0	46240	0	2138137600	0.417605	[160, 289, 768]	46240	1024	4.515625e-08	35512320	1	0.41760504515625	0.417605	tensor(122880)
130	BatchNorm2d-130	[-1, 160, 17, 17]	[160, 160, 1, 1]	[-1, 160, 17, 17]		46240	0	46240	0	2138137600	0.417605			32	0	0	0	0.417605	0.417605	tensor(320)
131	BasicConv2d-131	[-1, 768, 17, 17]	[160, 768, 1, 1]	[-1, 160, 17, 17]		221952	0	46240	0	2138137600	0.417605	[160, 289, 768]	46240	1024	4.515625e-08	35512320	1	0.41760504515625	0.417605	0
132	Conv2d-132	[-1, 160, 17, 17]	[160, 160, 1, 7]	[-1, 160, 17, 17]	(1, 1)	46240	0	46240	0	2138137600	0.417605	[160, 289, 1120]	323680	1024	3.1609375e-07	7398400	1	0.41760531609375	0.417605	tensor(179200)
133	BatchNorm2d-133	[-1, 160, 17, 17]	[160, 160, 1, 1]	[-1, 160, 17, 17]		46240	0	46240	0	2138137600	0.417605			32	0	0	0	0.417605	0.417605	tensor(320)
134	BasicConv2d-134	[-1, 160, 17, 17]	[160, 160, 1, 7]	[-1, 160, 17, 17]		46240	0	46240	0	2138137600	0.417605	[160, 289, 1120]	323680	1024	3.1609375e-07	7398400	1	0.41760531609375	0.417605	0
135	Conv2d-135	[-1, 160, 17, 17]	[192, 160, 7, 1]	[-1, 192, 17, 17]	(1, 1)	46240	0	55488	0	3078918144	0.6013512	[192, 289, 1120]	388416	1024	3.793125e-07	8878080	1	0.6013515793124999	0.6013512	tensor(215040)
136	BatchNorm2d-136	[-1, 192, 17, 17]	[192, 192, 1, 1]	[-1, 192, 17, 17]		55488	0	55488	0	3078918144	0.6013512			32	0	0	0	0.6013512	0.6013512	tensor(384)
137	BasicConv2d-137	[-1, 160, 17, 17]	[192, 160, 7, 1]	[-1, 192, 17, 17]		46240	0	55488	0	3078918144	0.6013512	[192, 289, 1120]	388416	1024	3.793125e-07	8878080	1	0.6013515793124999	0.6013512	0
138	Conv2d-138	[-1, 768, 17, 17]	[160, 768, 1, 1]	[-1, 160, 17, 17]	(1, 1)	221952	0	46240	0	2138137600	0.417605	[160, 289, 768]	46240	1024	4.515625e-08	35512320	1	0.41760504515625	0.417605	tensor(122880)
139	BatchNorm2d-139	[-1, 160, 17, 17]	[160, 160, 1, 1]	[-1, 160, 17, 17]		46240	0	46240	0	2138137600	0.417605			32	0	0	0	0.417605	0.417605	tensor(320)
140	BasicConv2d-140	[-1, 768, 17, 17]	[160, 768, 1, 1]	[-1, 160, 17, 17]		221952	0	46240	0	2138137600	0.417605	[160, 289, 768]	46240	1024	4.515625e-08	35512320	1	0.41760504515625	0.417605	0
141	Conv2d-141	[-1, 160, 17, 17]	[160, 160, 7, 1]	[-1, 160, 17, 17]	(1, 1)	46240	0	46240	0	2138137600	0.417605	[160, 289, 1120]	323680	1024	3.1609375e-07	7398400	1	0.41760531609375	0.417605	tensor(179200)
142	BatchNorm2d-142	[-1, 160, 17, 17]	[160, 160, 1, 1]	[-1, 160, 17, 17]		46240	0	46240	0	2138137600	0.417605			32	0	0	0	0.417605	0.417605	tensor(320)
143	BasicConv2d-143	[-1, 160, 17, 17]	[160, 160, 7, 1]	[-1, 160, 17, 17]		46240	0	46240	0	2138137600	0.417605	[160, 289, 1120]	323680	1024	3.1609375e-07	7398400	1	0.41760531609375	0.417605	0
144	Conv2d-144	[-1, 160, 17, 17]	[160, 160, 1, 7]	[-1, 160, 17, 17]	(1, 1)	46240	0	46240	0	2138137600	0.417605	[160, 289, 1120]	323680	1024	3.1609375e-07	7398400	1	0.41760531609375	0.417605	tensor(179200)
145	BatchNorm2d-145	[-1, 160, 17, 17]	[160, 160, 1, 1]	[-1, 160, 17, 17]		46240	0	46240	0	2138137600	0.417605			32	0	0	0	0.417605	0.417605	tensor(320)
146	BasicConv2d-146	[-1, 160, 17, 17]	[160, 160, 1, 7]	[-1, 160, 17, 17]		46240	0	46240	0	2138137600	0.417605	[160, 289, 1120]	323680	1024	3.1609375e-07	7398400	1	0.41760531609375	0.417605	0
147	Conv2d-147	[-1, 160, 17, 17]	[160, 160, 7, 1]	[-1, 160, 17, 17]	(1, 1)	46240	0	46240	0	2138137600	0.417605	[160, 289, 1120]	323680	1024	3.1609375e-07	7398400	1	0.41760531609375	0.417605	tensor(179200)
148	BatchNorm2d-148	[-1, 160, 17, 17]	[160, 160, 1, 1]	[-1, 160, 17, 17]		46240	0	46240	0	2138137600	0.417605			32	0	0	0	0.417605	0.417605	tensor(320)
149	BasicConv2d-149	[-1, 160, 17, 17]	[160, 160, 7, 1]	[-1, 160, 17, 17]		46240	0	46240	0	2138137600	0.417605	[160, 289, 1120]	323680	1024	3.1609375e-07	7398400	1	0.41760531609375	0.417605	0
150	Conv2d-150	[-1, 160, 17, 17]	[192, 160, 1, 7]	[-1, 192, 17, 17]	(1, 1)	46240	0	55488	0	3078918144	0.6013512	[192, 289, 1120]	388416	1024	3.793125e-07	8878080	1	0.6013515793124999	0.6013512	tensor(215040)
151	BatchNorm2d-151	[-1, 192, 17, 17]	[192, 192, 1, 1]	[-1, 192, 17, 17]		55488	0	55488	0	3078918144	0.6013512			32	0	0	0	0.6013512	0.6013512	tensor(384)
152	BasicConv2d-152	[-1, 160, 17, 17]	[192, 160, 1, 7]	[-1, 192, 17, 17]		46240	0	55488	0	3078918144	0.6013512	[192, 289, 1120]	388416	1024	3.793125e-07	8878080	1	0.6013515793124999	0.6013512	0
153	Conv2d-153	[-1, 768, 17, 17]	[192, 768, 1, 1]	[-1, 192, 17, 17]	(1, 1)	221952	0	55488	0	3078918144	0.6013512	[192, 289, 768]	55488	1024	5.41875e-08	42614784	1	0.6013512541875	0.6013512	tensor(147456)
154	BatchNorm2d-154	[-1, 192, 17, 17]	[192, 192, 1, 1]	[-1, 192, 17, 17]		55488	0	55488	0	3078918144	0.6013512			32	0	0	0	0.6013512	0.6013512	tensor(384)
155	BasicConv2d-155	[-1, 768, 17, 17]	[192, 768, 1, 1]	[-1, 192, 17, 17]		221952	0	55488	0	3078918144	0.6013512	[192, 289, 768]	55488	1024	5.41875e-08	42614784	1	0.6013512541875	0.6013512	0
156	InceptionC-156	[-1, 768, 17, 17]	[768, 768, 1, 1]	[-1, 768, 17, 17]		221952	0	221952	0	49262690304	9.6216192			32	0	0	0	9.6216192	9.6216192	0
157	Conv2d-157	[-1, 768, 17, 17]	[192, 768, 1, 1]	[-1, 192, 17, 17]	(1, 1)	221952	0	55488	0	3078918144	0.6013512	[192, 289, 768]	55488	1024	5.41875e-08	42614784	1	0.6013512541875	0.6013512	tensor(147456)
158	BatchNorm2d-158	[-1, 192, 17, 17]	[192, 192, 1, 1]	[-1, 192, 17, 17]		55488	0	55488	0	3078918144	0.6013512			32	0	0	0	0.6013512	0.6013512	tensor(384)
159	BasicConv2d-159	[-1, 768, 17, 17]	[192, 768, 1, 1]	[-1, 192, 17, 17]		221952	0	55488	0	3078918144	0.6013512	[192, 289, 768]	55488	1024	5.41875e-08	42614784	1	0.6013512541875	0.6013512	0
160	Conv2d-160	[-1, 768, 17, 17]	[160, 768, 1, 1]	[-1, 160, 17, 17]	(1, 1)	221952	0	46240	0	2138137600	0.417605	[160, 289, 768]	46240	1024	4.515625e-08	35512320	1	0.41760504515625	0.417605	tensor(122880)
161	BatchNorm2d-161	[-1, 160, 17, 17]	[160, 160, 1, 1]	[-1, 160, 17, 17]		46240	0	46240	0	2138137600	0.417605			32	0	0	0	0.417605	0.417605	tensor(320)
162	BasicConv2d-162	[-1, 768, 17, 17]	[160, 768, 1, 1]	[-1, 160, 17, 17]		221952	0	46240	0	2138137600	0.417605	[160, 289, 768]	46240	1024	4.515625e-08	35512320	1	0.41760504515625	0.417605	0
163	Conv2d-163	[-1, 160, 17, 17]	[160, 160, 1, 7]	[-1, 160, 17, 17]	(1, 1)	46240	0	46240	0	2138137600	0.417605	[160, 289, 1120]	323680	1024	3.1609375e-07	7398400	1	0.41760531609375	0.417605	tensor(179200)
164	BatchNorm2d-164	[-1, 160, 17, 17]	[160, 160, 1, 1]	[-1, 160, 17, 17]		46240	0	46240	0	2138137600	0.417605			32	0	0	0	0.417605	0.417605	tensor(320)
165	BasicConv2d-165	[-1, 160, 17, 17]	[160, 160, 1, 7]	[-1, 160, 17, 17]		46240	0	46240	0	2138137600	0.417605	[160, 289, 1120]	323680	1024	3.1609375e-07	7398400	1	0.41760531609375	0.417605	0
166	Conv2d-166	[-1, 160, 17, 17]	[192, 160, 7, 1]	[-1, 192, 17, 17]	(1, 1)	46240	0	55488	0	3078918144	0.6013512	[192, 289, 1120]	388416	1024	3.793125e-07	8878080	1	0.6013515793124999	0.6013512	tensor(215040)
167	BatchNorm2d-167	[-1, 192, 17, 17]	[192, 192, 1, 1]	[-1, 192, 17, 17]		55488	0	55488	0	3078918144	0.6013512			32	0	0	0	0.6013512	0.6013512	tensor(384)
168	BasicConv2d-168	[-1, 160, 17, 17]	[192, 160, 7, 1]	[-1, 192, 17, 17]		46240	0	55488	0	3078918144	0.6013512	[192, 289, 1120]	388416	1024	3.793125e-07	8878080	1	0.6013515793124999	0.6013512	0
169	Conv2d-169	[-1, 768, 17, 17]	[160, 768, 1, 1]	[-1, 160, 17, 17]	(1, 1)	221952	0	46240	0	2138137600	0.417605	[160, 289, 768]	46240	1024	4.515625e-08	35512320	1	0.41760504515625	0.417605	tensor(122880)
170	BatchNorm2d-170	[-1, 160, 17, 17]	[160, 160, 1, 1]	[-1, 160, 17, 17]		46240	0	46240	0	2138137600	0.417605			32	0	0	0	0.417605	0.417605	tensor(320)
171	BasicConv2d-171	[-1, 768, 17, 17]	[160, 768, 1, 1]	[-1, 160, 17, 17]		221952	0	46240	0	2138137600	0.417605	[160, 289, 768]	46240	1024	4.515625e-08	35512320	1	0.41760504515625	0.417605	0
172	Conv2d-172	[-1, 160, 17, 17]	[160, 160, 7, 1]	[-1, 160, 17, 17]	(1, 1)	46240	0	46240	0	2138137600	0.417605	[160, 289, 1120]	323680	1024	3.1609375e-07	7398400	1	0.41760531609375	0.417605	tensor(179200)
173	BatchNorm2d-173	[-1, 160, 17, 17]	[160, 160, 1, 1]	[-1, 160, 17, 17]		46240	0	46240	0	2138137600	0.417605			32	0	0	0	0.417605	0.417605	tensor(320)
174	BasicConv2d-174	[-1, 160, 17, 17]	[160, 160, 7, 1]	[-1, 160, 17, 17]		46240	0	46240	0	2138137600	0.417605	[160, 289, 1120]	323680	1024	3.1609375e-07	7398400	1	0.41760531609375	0.417605	0
175	Conv2d-175	[-1, 160, 17, 17]	[160, 160, 1, 7]	[-1, 160, 17, 17]	(1, 1)	46240	0	46240	0	2138137600	0.417605	[160, 289, 1120]	323680	1024	3.1609375e-07	7398400	1	0.41760531609375	0.417605	tensor(179200)
176	BatchNorm2d-176	[-1, 160, 17, 17]	[160, 160, 1, 1]	[-1, 160, 17, 17]		46240	0	46240	0	2138137600	0.417605			32	0	0	0	0.417605	0.417605	tensor(320)
177	BasicConv2d-177	[-1, 160, 17, 17]	[160, 160, 1, 7]	[-1, 160, 17, 17]		46240	0	46240	0	2138137600	0.417605	[160, 289, 1120]	323680	1024	3.1609375e-07	7398400	1	0.41760531609375	0.417605	0
178	Conv2d-178	[-1, 160, 17, 17]	[160, 160, 7, 1]	[-1, 160, 17, 17]	(1, 1)	46240	0	46240	0	2138137600	0.417605	[160, 289, 1120]	323680	1024	3.1609375e-07	7398400	1	0.41760531609375	0.417605	tensor(179200)
179	BatchNorm2d-179	[-1, 160, 17, 17]	[160, 160, 1, 1]	[-1, 160, 17, 17]		46240	0	46240	0	2138137600	0.417605			32	0	0	0	0.417605	0.417605	tensor(320)
180	BasicConv2d-180	[-1, 160, 17, 17]	[160, 160, 7, 1]	[-1, 160, 17, 17]		46240	0	46240	0	2138137600	0.417605	[160, 289, 1120]	323680	1024	3.1609375e-07	7398400	1	0.41760531609375	0.417605	0
181	Conv2d-181	[-1, 160, 17, 17]	[192, 160, 1, 7]	[-1, 192, 17, 17]	(1, 1)	46240	0	55488	0	3078918144	0.6013512	[192, 289, 1120]	388416	1024	3.793125e-07	8878080	1	0.6013515793124999	0.6013512	tensor(215040)
182	BatchNorm2d-182	[-1, 192, 17, 17]	[192, 192, 1, 1]	[-1, 192, 17, 17]		55488	0	55488	0	3078918144	0.6013512			32	0	0	0	0.6013512	0.6013512	tensor(384)
183	BasicConv2d-183	[-1, 160, 17, 17]	[192, 160, 1, 7]	[-1, 192, 17, 17]		46240	0	55488	0	3078918144	0.6013512	[192, 289, 1120]	388416	1024	3.793125e-07	8878080	1	0.6013515793124999	0.6013512	0
184	Conv2d-184	[-1, 768, 17, 17]	[192, 768, 1, 1]	[-1, 192, 17, 17]	(1, 1)	221952	0	55488	0	3078918144	0.6013512	[192, 289, 768]	55488	1024	5.41875e-08	42614784	1	0.6013512541875	0.6013512	tensor(147456)
185	BatchNorm2d-185	[-1, 192, 17, 17]	[192, 192, 1, 1]	[-1, 192, 17, 17]		55488	0	55488	0	3078918144	0.6013512			32	0	0	0	0.6013512	0.6013512	tensor(384)
186	BasicConv2d-186	[-1, 768, 17, 17]	[192, 768, 1, 1]	[-1, 192, 17, 17]		221952	0	55488	0	3078918144	0.6013512	[192, 289, 768]	55488	1024	5.41875e-08	42614784	1	0.6013512541875	0.6013512	0
187	InceptionC-187	[-1, 768, 17, 17]	[768, 768, 1, 1]	[-1, 768, 17, 17]		221952	0	221952	0	49262690304	9.6216192			32	0	0	0	9.6216192	9.6216192	0
188	Conv2d-188	[-1, 768, 17, 17]	[192, 768, 1, 1]	[-1, 192, 17, 17]	(1, 1)	221952	0	55488	0	3078918144	0.6013512	[192, 289, 768]	55488	1024	5.41875e-08	42614784	1	0.6013512541875	0.6013512	tensor(147456)
189	BatchNorm2d-189	[-1, 192, 17, 17]	[192, 192, 1, 1]	[-1, 192, 17, 17]		55488	0	55488	0	3078918144	0.6013512			32	0	0	0	0.6013512	0.6013512	tensor(384)
190	BasicConv2d-190	[-1, 768, 17, 17]	[192, 768, 1, 1]	[-1, 192, 17, 17]		221952	0	55488	0	3078918144	0.6013512	[192, 289, 768]	55488	1024	5.41875e-08	42614784	1	0.6013512541875	0.6013512	0
191	Conv2d-191	[-1, 768, 17, 17]	[192, 768, 1, 1]	[-1, 192, 17, 17]	(1, 1)	221952	0	55488	0	3078918144	0.6013512	[192, 289, 768]	55488	1024	5.41875e-08	42614784	1	0.6013512541875	0.6013512	tensor(147456)
192	BatchNorm2d-192	[-1, 192, 17, 17]	[192, 192, 1, 1]	[-1, 192, 17, 17]		55488	0	55488	0	3078918144	0.6013512			32	0	0	0	0.6013512	0.6013512	tensor(384)
193	BasicConv2d-193	[-1, 768, 17, 17]	[192, 768, 1, 1]	[-1, 192, 17, 17]		221952	0	55488	0	3078918144	0.6013512	[192, 289, 768]	55488	1024	5.41875e-08	42614784	1	0.6013512541875	0.6013512	0
194	Conv2d-194	[-1, 192, 17, 17]	[192, 192, 1, 7]	[-1, 192, 17, 17]	(1, 1)	55488	0	55488	0	3078918144	0.6013512	[192, 289, 1344]	388416	1024	3.793125e-07	10653696	1	0.6013515793124999	0.6013512	tensor(258048)
195	BatchNorm2d-195	[-1, 192, 17, 17]	[192, 192, 1, 1]	[-1, 192, 17, 17]		55488	0	55488	0	3078918144	0.6013512			32	0	0	0	0.6013512	0.6013512	tensor(384)
196	BasicConv2d-196	[-1, 192, 17, 17]	[192, 192, 1, 7]	[-1, 192, 17, 17]		55488	0	55488	0	3078918144	0.6013512	[192, 289, 1344]	388416	1024	3.793125e-07	10653696	1	0.6013515793124999	0.6013512	0
197	Conv2d-197	[-1, 192, 17, 17]	[192, 192, 7, 1]	[-1, 192, 17, 17]	(1, 1)	55488	0	55488	0	3078918144	0.6013512	[192, 289, 1344]	388416	1024	3.793125e-07	10653696	1	0.6013515793124999	0.6013512	tensor(258048)
198	BatchNorm2d-198	[-1, 192, 17, 17]	[192, 192, 1, 1]	[-1, 192, 17, 17]		55488	0	55488	0	3078918144	0.6013512			32	0	0	0	0.6013512	0.6013512	tensor(384)
199	BasicConv2d-199	[-1, 192, 17, 17]	[192, 192, 7, 1]	[-1, 192, 17, 17]		55488	0	55488	0	3078918144	0.6013512	[192, 289, 1344]	388416	1024	3.793125e-07	10653696	1	0.6013515793124999	0.6013512	0
200	Conv2d-200	[-1, 768, 17, 17]	[192, 768, 1, 1]	[-1, 192, 17, 17]	(1, 1)	221952	0	55488	0	3078918144	0.6013512	[192, 289, 768]	55488	1024	5.41875e-08	42614784	1	0.6013512541875	0.6013512	tensor(147456)
201	BatchNorm2d-201	[-1, 192, 17, 17]	[192, 192, 1, 1]	[-1, 192, 17, 17]		55488	0	55488	0	3078918144	0.6013512			32	0	0	0	0.6013512	0.6013512	tensor(384)
202	BasicConv2d-202	[-1, 768, 17, 17]	[192, 768, 1, 1]	[-1, 192, 17, 17]		221952	0	55488	0	3078918144	0.6013512	[192, 289, 768]	55488	1024	5.41875e-08	42614784	1	0.6013512541875	0.6013512	0
203	Conv2d-203	[-1, 192, 17, 17]	[192, 192, 7, 1]	[-1, 192, 17, 17]	(1, 1)	55488	0	55488	0	3078918144	0.6013512	[192, 289, 1344]	388416	1024	3.793125e-07	10653696	1	0.6013515793124999	0.6013512	tensor(258048)
204	BatchNorm2d-204	[-1, 192, 17, 17]	[192, 192, 1, 1]	[-1, 192, 17, 17]		55488	0	55488	0	3078918144	0.6013512			32	0	0	0	0.6013512	0.6013512	tensor(384)
205	BasicConv2d-205	[-1, 192, 17, 17]	[192, 192, 7, 1]	[-1, 192, 17, 17]		55488	0	55488	0	3078918144	0.6013512	[192, 289, 1344]	388416	1024	3.793125e-07	10653696	1	0.6013515793124999	0.6013512	0
206	Conv2d-206	[-1, 192, 17, 17]	[192, 192, 1, 7]	[-1, 192, 17, 17]	(1, 1)	55488	0	55488	0	3078918144	0.6013512	[192, 289, 1344]	388416	1024	3.793125e-07	10653696	1	0.6013515793124999	0.6013512	tensor(258048)
207	BatchNorm2d-207	[-1, 192, 17, 17]	[192, 192, 1, 1]	[-1, 192, 17, 17]		55488	0	55488	0	3078918144	0.6013512			32	0	0	0	0.6013512	0.6013512	tensor(384)
208	BasicConv2d-208	[-1, 192, 17, 17]	[192, 192, 1, 7]	[-1, 192, 17, 17]		55488	0	55488	0	3078918144	0.6013512	[192, 289, 1344]	388416	1024	3.793125e-07	10653696	1	0.6013515793124999	0.6013512	0
209	Conv2d-209	[-1, 192, 17, 17]	[192, 192, 7, 1]	[-1, 192, 17, 17]	(1, 1)	55488	0	55488	0	3078918144	0.6013512	[192, 289, 1344]	388416	1024	3.793125e-07	10653696	1	0.6013515793124999	0.6013512	tensor(258048)
210	BatchNorm2d-210	[-1, 192, 17, 17]	[192, 192, 1, 1]	[-1, 192, 17, 17]		55488	0	55488	0	3078918144	0.6013512			32	0	0	0	0.6013512	0.6013512	tensor(384)
211	BasicConv2d-211	[-1, 192, 17, 17]	[192, 192, 7, 1]	[-1, 192, 17, 17]		55488	0	55488	0	3078918144	0.6013512	[192, 289, 1344]	388416	1024	3.793125e-07	10653696	1	0.6013515793124999	0.6013512	0
212	Conv2d-212	[-1, 192, 17, 17]	[192, 192, 1, 7]	[-1, 192, 17, 17]	(1, 1)	55488	0	55488	0	3078918144	0.6013512	[192, 289, 1344]	388416	1024	3.793125e-07	10653696	1	0.6013515793124999	0.6013512	tensor(258048)
213	BatchNorm2d-213	[-1, 192, 17, 17]	[192, 192, 1, 1]	[-1, 192, 17, 17]		55488	0	55488	0	3078918144	0.6013512			32	0	0	0	0.6013512	0.6013512	tensor(384)
214	BasicConv2d-214	[-1, 192, 17, 17]	[192, 192, 1, 7]	[-1, 192, 17, 17]		55488	0	55488	0	3078918144	0.6013512	[192, 289, 1344]	388416	1024	3.793125e-07	10653696	1	0.6013515793124999	0.6013512	0
215	Conv2d-215	[-1, 768, 17, 17]	[192, 768, 1, 1]	[-1, 192, 17, 17]	(1, 1)	221952	0	55488	0	3078918144	0.6013512	[192, 289, 768]	55488	1024	5.41875e-08	42614784	1	0.6013512541875	0.6013512	tensor(147456)
216	BatchNorm2d-216	[-1, 192, 17, 17]	[192, 192, 1, 1]	[-1, 192, 17, 17]		55488	0	55488	0	3078918144	0.6013512			32	0	0	0	0.6013512	0.6013512	tensor(384)
217	BasicConv2d-217	[-1, 768, 17, 17]	[192, 768, 1, 1]	[-1, 192, 17, 17]		221952	0	55488	0	3078918144	0.6013512	[192, 289, 768]	55488	1024	5.41875e-08	42614784	1	0.6013512541875	0.6013512	0
218	InceptionC-218	[-1, 768, 17, 17]	[768, 768, 1, 1]	[-1, 768, 17, 17]		221952	0	221952	0	49262690304	9.6216192			32	0	0	0	9.6216192	9.6216192	0
219	Conv2d-219	[-1, 768, 5, 5]	[128, 768, 1, 1]	[-1, 128, 5, 5]	(1, 1)	19200	0	3200	0	10240000	0.002	[128, 25, 768]	3200	1024	3.125e-09	2457600	1	0.002000003125	0.002	tensor(98304)
220	BatchNorm2d-220	[-1, 128, 5, 5]	[128, 128, 1, 1]	[-1, 128, 5, 5]		3200	0	3200	0	10240000	0.002			32	0	0	0	0.002	0.002	tensor(256)
221	BasicConv2d-221	[-1, 768, 5, 5]	[128, 768, 1, 1]	[-1, 128, 5, 5]		19200	0	3200	0	10240000	0.002	[128, 25, 768]	3200	1024	3.125e-09	2457600	1	0.002000003125	0.002	0
222	Conv2d-222	[-1, 128, 5, 5]	[768, 128, 5, 5]	[-1, 768, 1, 1]	(1, 1)	3200	0	768	0	589824	0.0001152	[768, 1, 3200]	19200	1024	1.875e-08	2457600	1	0.00011521874999999999	0.0001152	tensor(2457600)
223	BatchNorm2d-223	[-1, 768, 1, 1]	[768, 768, 1, 1]	[-1, 768, 1, 1]		768	0	768	0	589824	0.0001152			32	0	0	0	0.0001152	0.0001152	tensor(1536)
224	BasicConv2d-224	[-1, 128, 5, 5]	[768, 128, 5, 5]	[-1, 768, 1, 1]		3200	0	768	0	589824	0.0001152	[768, 1, 3200]	19200	1024	1.875e-08	2457600	1	0.00011521874999999999	0.0001152	0
225	Linear-225	[-1, 768]	[1000, 768, 1, 1]	[-1, 1000]		768	0	1000	0	1000000	0.0001953125	[1000, 1, 768]	768000	32	2.4e-05	768000	1	0.0002193125	0.0001953125	tensor(769000)
226	InceptionAux-226	[-1, 768, 17, 17]	[1000, 768, 1, 1]	[-1, 1000]		221952	0	1000	0	1000000	0.0001953125			32	0	0	0	0.0001953125	0.0001953125	0
227	Conv2d-227	[-1, 768, 17, 17]	[192, 768, 1, 1]	[-1, 192, 17, 17]	(1, 1)	221952	0	55488	0	3078918144	0.6013512	[192, 289, 768]	55488	1024	5.41875e-08	42614784	1	0.6013512541875	0.6013512	tensor(147456)
228	BatchNorm2d-228	[-1, 192, 17, 17]	[192, 192, 1, 1]	[-1, 192, 17, 17]		55488	0	55488	0	3078918144	0.6013512			32	0	0	0	0.6013512	0.6013512	tensor(384)
229	BasicConv2d-229	[-1, 768, 17, 17]	[192, 768, 1, 1]	[-1, 192, 17, 17]		221952	0	55488	0	3078918144	0.6013512	[192, 289, 768]	55488	1024	5.41875e-08	42614784	1	0.6013512541875	0.6013512	0
230	Conv2d-230	[-1, 192, 17, 17]	[320, 192, 3, 3]	[-1, 320, 8, 8]	(2, 2)	55488	0	20480	0	419430400	0.08192	[320, 64, 1728]	184320	1024	1.8e-07	17756160	1	0.08192018000000001	0.08192	tensor(552960)
231	BatchNorm2d-231	[-1, 320, 8, 8]	[320, 320, 1, 1]	[-1, 320, 8, 8]		20480	0	20480	0	419430400	0.08192			32	0	0	0	0.08192	0.08192	tensor(640)
232	BasicConv2d-232	[-1, 192, 17, 17]	[320, 192, 3, 3]	[-1, 320, 8, 8]		55488	0	20480	0	419430400	0.08192	[320, 64, 1728]	184320	1024	1.8e-07	17756160	1	0.08192018000000001	0.08192	0
233	Conv2d-233	[-1, 768, 17, 17]	[192, 768, 1, 1]	[-1, 192, 17, 17]	(1, 1)	221952	0	55488	0	3078918144	0.6013512	[192, 289, 768]	55488	1024	5.41875e-08	42614784	1	0.6013512541875	0.6013512	tensor(147456)
234	BatchNorm2d-234	[-1, 192, 17, 17]	[192, 192, 1, 1]	[-1, 192, 17, 17]		55488	0	55488	0	3078918144	0.6013512			32	0	0	0	0.6013512	0.6013512	tensor(384)
235	BasicConv2d-235	[-1, 768, 17, 17]	[192, 768, 1, 1]	[-1, 192, 17, 17]		221952	0	55488	0	3078918144	0.6013512	[192, 289, 768]	55488	1024	5.41875e-08	42614784	1	0.6013512541875	0.6013512	0
236	Conv2d-236	[-1, 192, 17, 17]	[192, 192, 1, 7]	[-1, 192, 17, 17]	(1, 1)	55488	0	55488	0	3078918144	0.6013512	[192, 289, 1344]	388416	1024	3.793125e-07	10653696	1	0.6013515793124999	0.6013512	tensor(258048)
237	BatchNorm2d-237	[-1, 192, 17, 17]	[192, 192, 1, 1]	[-1, 192, 17, 17]		55488	0	55488	0	3078918144	0.6013512			32	0	0	0	0.6013512	0.6013512	tensor(384)
238	BasicConv2d-238	[-1, 192, 17, 17]	[192, 192, 1, 7]	[-1, 192, 17, 17]		55488	0	55488	0	3078918144	0.6013512	[192, 289, 1344]	388416	1024	3.793125e-07	10653696	1	0.6013515793124999	0.6013512	0
239	Conv2d-239	[-1, 192, 17, 17]	[192, 192, 7, 1]	[-1, 192, 17, 17]	(1, 1)	55488	0	55488	0	3078918144	0.6013512	[192, 289, 1344]	388416	1024	3.793125e-07	10653696	1	0.6013515793124999	0.6013512	tensor(258048)
240	BatchNorm2d-240	[-1, 192, 17, 17]	[192, 192, 1, 1]	[-1, 192, 17, 17]		55488	0	55488	0	3078918144	0.6013512			32	0	0	0	0.6013512	0.6013512	tensor(384)
241	BasicConv2d-241	[-1, 192, 17, 17]	[192, 192, 7, 1]	[-1, 192, 17, 17]		55488	0	55488	0	3078918144	0.6013512	[192, 289, 1344]	388416	1024	3.793125e-07	10653696	1	0.6013515793124999	0.6013512	0
242	Conv2d-242	[-1, 192, 17, 17]	[192, 192, 3, 3]	[-1, 192, 8, 8]	(2, 2)	55488	0	12288	0	150994944	0.0294912	[192, 64, 1728]	110592	1024	1.08e-07	10653696	1	0.029491307999999997	0.0294912	tensor(331776)
243	BatchNorm2d-243	[-1, 192, 8, 8]	[192, 192, 1, 1]	[-1, 192, 8, 8]		12288	0	12288	0	150994944	0.0294912			32	0	0	0	0.0294912	0.0294912	tensor(384)
244	BasicConv2d-244	[-1, 192, 17, 17]	[192, 192, 3, 3]	[-1, 192, 8, 8]		55488	0	12288	0	150994944	0.0294912	[192, 64, 1728]	110592	1024	1.08e-07	10653696	1	0.029491307999999997	0.0294912	0
245	InceptionD-245	[-1, 768, 17, 17]	[1280, 768, 1, 1]	[-1, 1280, 8, 8]		221952	0	81920	0	6710886400	1.31072			32	0	0	0	1.31072	1.31072	0
246	Conv2d-246	[-1, 1280, 8, 8]	[320, 1280, 1, 1]	[-1, 320, 8, 8]	(1, 1)	81920	0	20480	0	419430400	0.08192	[320, 64, 1280]	20480	1024	2e-08	26214400	1	0.08192002000000001	0.08192	tensor(409600)
247	BatchNorm2d-247	[-1, 320, 8, 8]	[320, 320, 1, 1]	[-1, 320, 8, 8]		20480	0	20480	0	419430400	0.08192			32	0	0	0	0.08192	0.08192	tensor(640)
248	BasicConv2d-248	[-1, 1280, 8, 8]	[320, 1280, 1, 1]	[-1, 320, 8, 8]		81920	0	20480	0	419430400	0.08192	[320, 64, 1280]	20480	1024	2e-08	26214400	1	0.08192002000000001	0.08192	0
249	Conv2d-249	[-1, 1280, 8, 8]	[384, 1280, 1, 1]	[-1, 384, 8, 8]	(1, 1)	81920	0	24576	0	603979776	0.1179648	[384, 64, 1280]	24576	1024	2.4e-08	31457280	1	0.117964824	0.1179648	tensor(491520)
250	BatchNorm2d-250	[-1, 384, 8, 8]	[384, 384, 1, 1]	[-1, 384, 8, 8]		24576	0	24576	0	603979776	0.1179648			32	0	0	0	0.1179648	0.1179648	tensor(768)
251	BasicConv2d-251	[-1, 1280, 8, 8]	[384, 1280, 1, 1]	[-1, 384, 8, 8]		81920	0	24576	0	603979776	0.1179648	[384, 64, 1280]	24576	1024	2.4e-08	31457280	1	0.117964824	0.1179648	0
252	Conv2d-252	[-1, 384, 8, 8]	[384, 384, 1, 3]	[-1, 384, 8, 8]	(1, 1)	24576	0	24576	0	603979776	0.1179648	[384, 64, 1152]	73728	1024	7.2e-08	9437184	1	0.117964872	0.1179648	tensor(442368)
253	BatchNorm2d-253	[-1, 384, 8, 8]	[384, 384, 1, 1]	[-1, 384, 8, 8]		24576	0	24576	0	603979776	0.1179648			32	0	0	0	0.1179648	0.1179648	tensor(768)
254	BasicConv2d-254	[-1, 384, 8, 8]	[384, 384, 1, 3]	[-1, 384, 8, 8]		24576	0	24576	0	603979776	0.1179648	[384, 64, 1152]	73728	1024	7.2e-08	9437184	1	0.117964872	0.1179648	0
255	Conv2d-255	[-1, 384, 8, 8]	[384, 384, 3, 1]	[-1, 384, 8, 8]	(1, 1)	24576	0	24576	0	603979776	0.1179648	[384, 64, 1152]	73728	1024	7.2e-08	9437184	1	0.117964872	0.1179648	tensor(442368)
256	BatchNorm2d-256	[-1, 384, 8, 8]	[384, 384, 1, 1]	[-1, 384, 8, 8]		24576	0	24576	0	603979776	0.1179648			32	0	0	0	0.1179648	0.1179648	tensor(768)
257	BasicConv2d-257	[-1, 384, 8, 8]	[384, 384, 3, 1]	[-1, 384, 8, 8]		24576	0	24576	0	603979776	0.1179648	[384, 64, 1152]	73728	1024	7.2e-08	9437184	1	0.117964872	0.1179648	0
258	Conv2d-258	[-1, 1280, 8, 8]	[448, 1280, 1, 1]	[-1, 448, 8, 8]	(1, 1)	81920	0	28672	0	822083584	0.1605632	[448, 64, 1280]	28672	1024	2.8e-08	36700160	1	0.160563228	0.1605632	tensor(573440)
259	BatchNorm2d-259	[-1, 448, 8, 8]	[448, 448, 1, 1]	[-1, 448, 8, 8]		28672	0	28672	0	822083584	0.1605632			32	0	0	0	0.1605632	0.1605632	tensor(896)
260	BasicConv2d-260	[-1, 1280, 8, 8]	[448, 1280, 1, 1]	[-1, 448, 8, 8]		81920	0	28672	0	822083584	0.1605632	[448, 64, 1280]	28672	1024	2.8e-08	36700160	1	0.160563228	0.1605632	0
261	Conv2d-261	[-1, 448, 8, 8]	[384, 448, 3, 3]	[-1, 384, 8, 8]	(1, 1)	28672	0	24576	0	603979776	0.1179648	[384, 64, 4032]	221184	1024	2.16e-07	11010048	1	0.11796501599999999	0.1179648	tensor(1548288)
262	BatchNorm2d-262	[-1, 384, 8, 8]	[384, 384, 1, 1]	[-1, 384, 8, 8]		24576	0	24576	0	603979776	0.1179648			32	0	0	0	0.1179648	0.1179648	tensor(768)
263	BasicConv2d-263	[-1, 448, 8, 8]	[384, 448, 3, 3]	[-1, 384, 8, 8]		28672	0	24576	0	603979776	0.1179648	[384, 64, 4032]	221184	1024	2.16e-07	11010048	1	0.11796501599999999	0.1179648	0
264	Conv2d-264	[-1, 384, 8, 8]	[384, 384, 1, 3]	[-1, 384, 8, 8]	(1, 1)	24576	0	24576	0	603979776	0.1179648	[384, 64, 1152]	73728	1024	7.2e-08	9437184	1	0.117964872	0.1179648	tensor(442368)
265	BatchNorm2d-265	[-1, 384, 8, 8]	[384, 384, 1, 1]	[-1, 384, 8, 8]		24576	0	24576	0	603979776	0.1179648			32	0	0	0	0.1179648	0.1179648	tensor(768)
266	BasicConv2d-266	[-1, 384, 8, 8]	[384, 384, 1, 3]	[-1, 384, 8, 8]		24576	0	24576	0	603979776	0.1179648	[384, 64, 1152]	73728	1024	7.2e-08	9437184	1	0.117964872	0.1179648	0
267	Conv2d-267	[-1, 384, 8, 8]	[384, 384, 3, 1]	[-1, 384, 8, 8]	(1, 1)	24576	0	24576	0	603979776	0.1179648	[384, 64, 1152]	73728	1024	7.2e-08	9437184	1	0.117964872	0.1179648	tensor(442368)
268	BatchNorm2d-268	[-1, 384, 8, 8]	[384, 384, 1, 1]	[-1, 384, 8, 8]		24576	0	24576	0	603979776	0.1179648			32	0	0	0	0.1179648	0.1179648	tensor(768)
269	BasicConv2d-269	[-1, 384, 8, 8]	[384, 384, 3, 1]	[-1, 384, 8, 8]		24576	0	24576	0	603979776	0.1179648	[384, 64, 1152]	73728	1024	7.2e-08	9437184	1	0.117964872	0.1179648	0
270	Conv2d-270	[-1, 1280, 8, 8]	[192, 1280, 1, 1]	[-1, 192, 8, 8]	(1, 1)	81920	0	12288	0	150994944	0.0294912	[192, 64, 1280]	12288	1024	1.2e-08	15728640	1	0.029491212	0.0294912	tensor(245760)
271	BatchNorm2d-271	[-1, 192, 8, 8]	[192, 192, 1, 1]	[-1, 192, 8, 8]		12288	0	12288	0	150994944	0.0294912			32	0	0	0	0.0294912	0.0294912	tensor(384)
272	BasicConv2d-272	[-1, 1280, 8, 8]	[192, 1280, 1, 1]	[-1, 192, 8, 8]		81920	0	12288	0	150994944	0.0294912	[192, 64, 1280]	12288	1024	1.2e-08	15728640	1	0.029491212	0.0294912	0
273	InceptionE-273	[-1, 1280, 8, 8]	[2048, 1280, 1, 1]	[-1, 2048, 8, 8]		81920	0	131072	0	17179869184	3.3554432			32	0	0	0	3.3554432	3.3554432	0
274	Conv2d-274	[-1, 2048, 8, 8]	[320, 2048, 1, 1]	[-1, 320, 8, 8]	(1, 1)	131072	0	20480	0	419430400	0.08192	[320, 64, 2048]	20480	1024	2e-08	41943040	1	0.08192002000000001	0.08192	tensor(655360)
275	BatchNorm2d-275	[-1, 320, 8, 8]	[320, 320, 1, 1]	[-1, 320, 8, 8]		20480	0	20480	0	419430400	0.08192			32	0	0	0	0.08192	0.08192	tensor(640)
276	BasicConv2d-276	[-1, 2048, 8, 8]	[320, 2048, 1, 1]	[-1, 320, 8, 8]		131072	0	20480	0	419430400	0.08192	[320, 64, 2048]	20480	1024	2e-08	41943040	1	0.08192002000000001	0.08192	0
277	Conv2d-277	[-1, 2048, 8, 8]	[384, 2048, 1, 1]	[-1, 384, 8, 8]	(1, 1)	131072	0	24576	0	603979776	0.1179648	[384, 64, 2048]	24576	1024	2.4e-08	50331648	1	0.117964824	0.1179648	tensor(786432)
278	BatchNorm2d-278	[-1, 384, 8, 8]	[384, 384, 1, 1]	[-1, 384, 8, 8]		24576	0	24576	0	603979776	0.1179648			32	0	0	0	0.1179648	0.1179648	tensor(768)
279	BasicConv2d-279	[-1, 2048, 8, 8]	[384, 2048, 1, 1]	[-1, 384, 8, 8]		131072	0	24576	0	603979776	0.1179648	[384, 64, 2048]	24576	1024	2.4e-08	50331648	1	0.117964824	0.1179648	0
280	Conv2d-280	[-1, 384, 8, 8]	[384, 384, 1, 3]	[-1, 384, 8, 8]	(1, 1)	24576	0	24576	0	603979776	0.1179648	[384, 64, 1152]	73728	1024	7.2e-08	9437184	1	0.117964872	0.1179648	tensor(442368)
281	BatchNorm2d-281	[-1, 384, 8, 8]	[384, 384, 1, 1]	[-1, 384, 8, 8]		24576	0	24576	0	603979776	0.1179648			32	0	0	0	0.1179648	0.1179648	tensor(768)
282	BasicConv2d-282	[-1, 384, 8, 8]	[384, 384, 1, 3]	[-1, 384, 8, 8]		24576	0	24576	0	603979776	0.1179648	[384, 64, 1152]	73728	1024	7.2e-08	9437184	1	0.117964872	0.1179648	0
283	Conv2d-283	[-1, 384, 8, 8]	[384, 384, 3, 1]	[-1, 384, 8, 8]	(1, 1)	24576	0	24576	0	603979776	0.1179648	[384, 64, 1152]	73728	1024	7.2e-08	9437184	1	0.117964872	0.1179648	tensor(442368)
284	BatchNorm2d-284	[-1, 384, 8, 8]	[384, 384, 1, 1]	[-1, 384, 8, 8]		24576	0	24576	0	603979776	0.1179648			32	0	0	0	0.1179648	0.1179648	tensor(768)
285	BasicConv2d-285	[-1, 384, 8, 8]	[384, 384, 3, 1]	[-1, 384, 8, 8]		24576	0	24576	0	603979776	0.1179648	[384, 64, 1152]	73728	1024	7.2e-08	9437184	1	0.117964872	0.1179648	0
286	Conv2d-286	[-1, 2048, 8, 8]	[448, 2048, 1, 1]	[-1, 448, 8, 8]	(1, 1)	131072	0	28672	0	822083584	0.1605632	[448, 64, 2048]	28672	1024	2.8e-08	58720256	1	0.160563228	0.1605632	tensor(917504)
287	BatchNorm2d-287	[-1, 448, 8, 8]	[448, 448, 1, 1]	[-1, 448, 8, 8]		28672	0	28672	0	822083584	0.1605632			32	0	0	0	0.1605632	0.1605632	tensor(896)
288	BasicConv2d-288	[-1, 2048, 8, 8]	[448, 2048, 1, 1]	[-1, 448, 8, 8]		131072	0	28672	0	822083584	0.1605632	[448, 64, 2048]	28672	1024	2.8e-08	58720256	1	0.160563228	0.1605632	0
289	Conv2d-289	[-1, 448, 8, 8]	[384, 448, 3, 3]	[-1, 384, 8, 8]	(1, 1)	28672	0	24576	0	603979776	0.1179648	[384, 64, 4032]	221184	1024	2.16e-07	11010048	1	0.11796501599999999	0.1179648	tensor(1548288)
290	BatchNorm2d-290	[-1, 384, 8, 8]	[384, 384, 1, 1]	[-1, 384, 8, 8]		24576	0	24576	0	603979776	0.1179648			32	0	0	0	0.1179648	0.1179648	tensor(768)
291	BasicConv2d-291	[-1, 448, 8, 8]	[384, 448, 3, 3]	[-1, 384, 8, 8]		28672	0	24576	0	603979776	0.1179648	[384, 64, 4032]	221184	1024	2.16e-07	11010048	1	0.11796501599999999	0.1179648	0
292	Conv2d-292	[-1, 384, 8, 8]	[384, 384, 1, 3]	[-1, 384, 8, 8]	(1, 1)	24576	0	24576	0	603979776	0.1179648	[384, 64, 1152]	73728	1024	7.2e-08	9437184	1	0.117964872	0.1179648	tensor(442368)
293	BatchNorm2d-293	[-1, 384, 8, 8]	[384, 384, 1, 1]	[-1, 384, 8, 8]		24576	0	24576	0	603979776	0.1179648			32	0	0	0	0.1179648	0.1179648	tensor(768)
294	BasicConv2d-294	[-1, 384, 8, 8]	[384, 384, 1, 3]	[-1, 384, 8, 8]		24576	0	24576	0	603979776	0.1179648	[384, 64, 1152]	73728	1024	7.2e-08	9437184	1	0.117964872	0.1179648	0
295	Conv2d-295	[-1, 384, 8, 8]	[384, 384, 3, 1]	[-1, 384, 8, 8]	(1, 1)	24576	0	24576	0	603979776	0.1179648	[384, 64, 1152]	73728	1024	7.2e-08	9437184	1	0.117964872	0.1179648	tensor(442368)
296	BatchNorm2d-296	[-1, 384, 8, 8]	[384, 384, 1, 1]	[-1, 384, 8, 8]		24576	0	24576	0	603979776	0.1179648			32	0	0	0	0.1179648	0.1179648	tensor(768)
297	BasicConv2d-297	[-1, 384, 8, 8]	[384, 384, 3, 1]	[-1, 384, 8, 8]		24576	0	24576	0	603979776	0.1179648	[384, 64, 1152]	73728	1024	7.2e-08	9437184	1	0.117964872	0.1179648	0
298	Conv2d-298	[-1, 2048, 8, 8]	[192, 2048, 1, 1]	[-1, 192, 8, 8]	(1, 1)	131072	0	12288	0	150994944	0.0294912	[192, 64, 2048]	12288	1024	1.2e-08	25165824	1	0.029491212	0.0294912	tensor(393216)
299	BatchNorm2d-299	[-1, 192, 8, 8]	[192, 192, 1, 1]	[-1, 192, 8, 8]		12288	0	12288	0	150994944	0.0294912			32	0	0	0	0.0294912	0.0294912	tensor(384)
300	BasicConv2d-300	[-1, 2048, 8, 8]	[192, 2048, 1, 1]	[-1, 192, 8, 8]		131072	0	12288	0	150994944	0.0294912	[192, 64, 2048]	12288	1024	1.2e-08	25165824	1	0.029491212	0.0294912	0
301	InceptionE-301	[-1, 2048, 8, 8]	[2048, 2048, 1, 1]	[-1, 2048, 8, 8]		131072	0	131072	0	17179869184	3.3554432			32	0	0	0	3.3554432	3.3554432	0
302	Linear-302	[-1, 2048]	[1000, 2048, 1, 1]	[-1, 1000]		2048	0	1000	0	1000000	0.0001953125	[1000, 1, 2048]	2048000	32	6.4e-05	2048000	1	0.0002593125	0.0001953125	tensor(2049000)
